{
    "$schema": "https://schema.management.azure.com/schemas/2019-04-01/deploymentParameters.json#",
    "contentVersion": "1.0.0.0",
    "parameters": {
        "sqlNewOrExisting": {
            "value": "new"
        },
        "sqlAdministratorLogin": {
            "value": ""
        },
        "sqlAdministratorLoginPassword": {
            "value": ""
        },
        "agentPoolProfiles": {
            "value": [
                {
                    "nodeCount": 2,
                    "nodeVmSize": "Standard_D8s_v3",
                    "taints": null,
                    "availabilityZones": [
                        "1",
                        "2",
                        "3"
                    ],
                    "enableAutoScaling": true,
                    "maxCount": 10,
                    "minCount": 2,
                    "mode": "System"
                },
                {
                    "nodeCount": 0,
                    "nodeVmSize": "Standard_NC6s_v2",
                    "taints": [
                        "nvidia.com/gpu=present:NoSchedule"
                    ],
                    "availabilityZones": [
                        "1",
                        "2",
                        "3"
                    ],
                    "enableAutoScaling": true,
                    "maxCount": 5,
                    "minCount": 0,
                    "mode": "User"
                }
            ]
        },
        "kubernetesVersion": {
            "value": "AKS_VERSION"
        },
        "vnetAddressPrefix": {	
            "value": "10.10.0.0/16"	
        },	
        "subnetPrefix": {	
            "value": "10.10.0.0/24"	
        },
        "resourceTags": {    
            "value": {   
                "Owner": "rajiv.chodisetti@uipath.com", 
                "Project": "Ai Fabric"  
            }   
        },
        "databaseType": {
            "value": ""
        }
    }
}