{
    "$schema": "https://schema.management.azure.com/schemas/2019-04-01/deploymentTemplate.json#",
    "contentVersion": "1.0.0.0",
    "parameters": {
        "environmentPrefixName": {
            "type": "string",
            "defaultValue": "aif",
            "metadata": {
                "description": "Prefix for the environment"
            }
        },
        "acrSKU": {
            "type": "string",
            "defaultValue": "Premium",
            "allowedValues": [
                "Basic",
                "Standard",
                "Premium"
            ],
            "metadata": {
                "description": "Container Registry SKU"
            }
        },
        "resourceName": {
            "type": "string",
            "defaultValue": "aks",
            "metadata": {
                "description": "The name of the Managed Cluster resource."
            }
        },
        "sqlNewOrExisting": {
            "type": "string",
            "defaultValue": "new",
            "allowedValues": [
                "new",
                "existing"
            ]
        },
        "sqlDNSorIP": {
            "type": "string",
            "defaultValue": "[uniqueString('sql', resourceGroup().id)]",
            "metadata": {
                "description": "Fill only if there's no SQL instance present."
            }
        },
        "sqlAdministratorLogin": {
            "type": "string",
            "metadata": {
                "description": "The administrator username of the SQL logical server."
            }
        },
        "sqlAdministratorLoginPassword": {
            "type": "securestring",
            "metadata": {
                "description": "The administrator password of the SQL logical server."
            }
        },
        "agentPoolProfiles": {
            "type": "array",
            "metadata": {
                "description": "Define one or multiple node pools"
            },
            "defaultValue": [
                {
                    "nodeCount": 3,
                    "nodeVmSize": "Standard_D2_v3",
                    "availabilityZones": [
                        "1",
                        "2",
                        "3"
                    ],
                    "enableAutoScaling": true,
                    "maxCount": 6,
                    "minCount": 3
                }
            ]
        },
        "osDiskSizeGB": {
            "defaultValue": 256,
            "minValue": 0,
            "maxValue": 1023,
            "type": "int",
            "metadata": {
                "description": "Disk size (in GB) to provision for each of the agent pool nodes. This value ranges from 0 to 1023. Specifying 0 will apply the default disk size for that agentVMSize."
            }
        },
        "kubernetesVersion": {
            "defaultValue": "1.16.10",
            "type": "string",
            "metadata": {
                "description": "The version of Kubernetes."
            }
        },
        "maxPods": {
            "defaultValue": 30,
            "type": "int",
            "metadata": {
                "description": "Maximum number of pods that can run on a node."
            }
        },
        "serviceCidr": {
            "type": "string",
            "defaultValue": "10.0.0.0/16",
            "metadata": {
                "description": "A CIDR notation IP range from which to assign service cluster IPs."
            }
        },
        "dnsServiceIP": {
            "type": "string",
            "defaultValue": "10.0.0.10",
            "metadata": {
                "description": "Containers DNS server IP address."
            }
        },
        "dockerBridgeCidr": {
            "type": "string",
            "defaultValue": "172.17.0.1/16",
            "metadata": {
                "description": "A CIDR notation IP for Docker bridge."
            }
        },
        "vnetName": {
            "type": "string",
            "defaultValue": "vnet",
            "metadata": {
                "description": "Name of the virtual Network"
            }
        },
        "vnetAddressPrefix": {
            "type": "string",
            "defaultValue": "10.10.0.0/16",
            "metadata": {
                "description": "Address prefix"
            }
        },
        "subnetPrefix": {
            "type": "string",
            "defaultValue": "10.10.0.0/24",
            "metadata": {
                "description": "Subnet Prefix"
            }
        },
        "subnetName": {
            "type": "string",
            "defaultValue": "default"
        },
        "resourceTags": {
            "type": "object",
            "defaultValue": {
                "Owner": "rajiv.chodisetti@uipath.com",
                "Project": "Ai Fabric"
            }
        }
    },
    "variables": {
        "apiVersion": {
            "aks": "2020-06-01",
            "acr": "2019-05-01",
            "la": "2020-03-01-preview",
            "blobContainer": "2018-03-01-preview",
            "compute": "[providers('Microsoft.Compute','virtualMachines').apiVersions[0]]",
            "network": "[providers('Microsoft.Network','virtualNetworks').apiVersions[0]]",
            "storage": "[providers('Microsoft.Storage','storageAccounts').apiVersions[0]]"
        },
        "analytics": {
            "laWorkspaceName": "[concat(parameters('environmentPrefixName'),'-logs-', uniqueString(resourceGroup().id))]",
            "aiName": "[concat(parameters('environmentPrefixName'),'-applogs-', uniqueString(resourceGroup().id))]"

        },
        "storageAccounts": {
            "aifStorage": "[concat(parameters('environmentPrefixName'), uniqueString(resourceGroup().id))]",
            "aifTraining": "[concat('training', uniqueString(resourceGroup().id))]",
            "aifTrainingArtifacts": "[concat('artifacts', uniqueString(resourceGroup().id))]"
        },
        "container1Name": "aifabric-staging",
        "container2Name": "ml-model-files",
        "logContainer": "deploymentlogs",
        "acrName": "[concat(parameters('environmentPrefixName'), uniqueString(resourceGroup().id))]",
        "agentPoolProfiles": {
            "vnetSubnetId": "[resourceId('Microsoft.Network/virtualNetworks/subnets', parameters('vnetName'), parameters('subnetName'))]"
        }
    },
    "resources": [
        {
            "apiVersion": "2014-04-01",
            "name": "[variables('analytics').aiName]",
            "type": "Microsoft.Insights/components",
            "location": "[resourceGroup().location]",
            "properties": {
                "applicationId": "[variables('analytics').aiName]"
            }
        },
        {
            "type": "Microsoft.OperationalInsights/workspaces",
            "name": "[variables('analytics').laWorkspaceName]",
            "apiVersion": "[variables('apiVersion').la]",
            "location": "[resourceGroup().location]",
            "properties": {
                "sku": {
                    "name": "pergb2018"
                },
                "retentionInDays": 120,
                "features": {
                    "searchVersion": 1,
                    "legacy": 0,
                    "enableLogAccessUsingOnlyResourcePermissions": true
                }
            }
        },
        {
            "type": "Microsoft.Storage/storageAccounts",
            "sku": {
                "name": "Standard_LRS",
                "tier": "Standard"
            },
            "kind": "StorageV2",
            "name": "[variables('storageAccounts').aifStorage]",
            "apiVersion": "[variables('apiVersion').storage]",
            "location": "[resourceGroup().location]",
            "tags": {
            },
            "resources": [
                {
                    "type": "blobServices/containers",
                    "apiVersion": "[variables('apiVersion').blobContainer]",
                    "name": "[concat('default/', variables('logContainer'))]",
                    "dependsOn": [
                        "[variables('storageAccounts').aifStorage]"
                    ],
                    "properties": {
                        "publicAccess": "None"
                    }
                },
                {
                    "type": "blobServices/containers",
                    "apiVersion": "[variables('apiVersion').blobContainer]",
                    "name": "[concat('default/', variables('container1Name'))]",
                    "dependsOn": [
                        "[variables('storageAccounts').aifStorage]"
                    ],
                    "properties": {
                        "publicAccess": "None"
                    }
                },
                {
                    "type": "blobServices/containers",
                    "apiVersion": "[variables('apiVersion').blobContainer]",
                    "name": "[concat('default/', variables('Container2Name'))]",
                    "dependsOn": [
                        "[variables('storageAccounts').aifStorage]"
                    ],
                    "properties": {
                        "publicAccess": "None"
                    }
                }
            ],
            "dependsOn": [
            ]
        },
        {
            "type": "Microsoft.Storage/storageAccounts/blobServices",
            "apiVersion": "[variables('apiVersion').storage]",
            "name": "[concat(variables('storageAccounts').aifStorage, '/default')]",
            "dependsOn": [
                "[resourceId('Microsoft.Storage/storageAccounts', variables('storageAccounts').aifStorage)]"
            ],
            "sku": {
                "name": "Standard_LRS",
                "tier": "Standard"
            },
            "properties": {
                "cors": {
                    "corsRules": [
                        {
                            "allowedOrigins": [
                                "*"
                            ],
                            "allowedMethods": [
                                "DELETE",
                                "GET",
                                "HEAD",
                                "POST",
                                "MERGE",
                                "OPTIONS",
                                "PUT",
                                "PATCH"
                            ],
                            "maxAgeInSeconds": 0,
                            "exposedHeaders": [
                                "*"
                            ],
                            "allowedHeaders": [
                                "*"
                            ]
                        }
                    ]
                },
                "deleteRetentionPolicy": {
                    "enabled": false
                }
            }
        },
        {
            "type": "Microsoft.Storage/storageAccounts",
            "sku": {
                "name": "Standard_LRS",
                "tier": "Standard"
            },
            "kind": "StorageV2",
            "name": "[variables('storageAccounts').aifTraining]",
            "apiVersion": "[variables('apiVersion').storage]",
            "location": "[resourceGroup().location]",
            "tags": {
            },
            "resources": [
            ],
            "dependsOn": [
            ]
        },
        {
            "type": "Microsoft.Storage/storageAccounts/blobServices",
            "apiVersion": "[variables('apiVersion').storage]",
            "name": "[concat(variables('storageAccounts').aifTraining, '/default')]",
            "dependsOn": [
                "[resourceId('Microsoft.Storage/storageAccounts', variables('storageAccounts').aifTraining)]"
            ],
            "sku": {
                "name": "Standard_LRS",
                "tier": "Standard"
            },
            "properties": {
                "cors": {
                    "corsRules": [
                        {
                            "allowedOrigins": [
                                "*"
                            ],
                            "allowedMethods": [
                                "DELETE",
                                "GET",
                                "HEAD",
                                "POST",
                                "MERGE",
                                "OPTIONS",
                                "PUT",
                                "PATCH"
                            ],
                            "maxAgeInSeconds": 0,
                            "exposedHeaders": [
                                "*"
                            ],
                            "allowedHeaders": [
                                "*"
                            ]
                        }
                    ]
                },
                "deleteRetentionPolicy": {
                    "enabled": false
                }
            }
        },
        {
            "type": "Microsoft.Storage/storageAccounts",
            "sku": {
                "name": "Standard_LRS",
                "tier": "Standard"
            },
            "kind": "StorageV2",
            "name": "[variables('storageAccounts').aifTrainingArtifacts]",
            "apiVersion": "[variables('apiVersion').storage]",
            "location": "[resourceGroup().location]",
            "tags": {
            },
            "resources": [
            ],
            "dependsOn": [
            ]
        },
        {
            "type": "Microsoft.Storage/storageAccounts/blobServices",
            "apiVersion": "[variables('apiVersion').storage]",
            "name": "[concat(variables('storageAccounts').aifTrainingArtifacts, '/default')]",
            "dependsOn": [
                "[resourceId('Microsoft.Storage/storageAccounts', variables('storageAccounts').aifTrainingArtifacts)]"
            ],
            "sku": {
                "name": "Standard_LRS",
                "tier": "Standard"
            },
            "properties": {
                "cors": {
                    "corsRules": [
                        {
                            "allowedOrigins": [
                                "*"
                            ],
                            "allowedMethods": [
                                "DELETE",
                                "GET",
                                "HEAD",
                                "POST",
                                "MERGE",
                                "OPTIONS",
                                "PUT",
                                "PATCH"
                            ],
                            "maxAgeInSeconds": 0,
                            "exposedHeaders": [
                                "*"
                            ],
                            "allowedHeaders": [
                                "*"
                            ]
                        }
                    ]
                },
                "deleteRetentionPolicy": {
                    "enabled": false
                }
            }
        },
        {
            "condition": "[equals(parameters('sqlNewOrExisting'),'new')]",
            "type": "Microsoft.Resources/deployments",
            "apiVersion": "2019-10-01",
            "name": "sqlDeployment",
            "properties": {
                "mode": "Incremental",
                "templateLink": {
                    "uri": "https://raw.githubusercontent.com/UiPath/ai-customer-scripts/master/platform/aks/azuredeploy.sql.json",
                    "contentVersion": "1.0.0.0"
                },
                "parameters": {
                    "administratorLogin": {
                        "value": "[parameters('sqlAdministratorLogin')]"
                    },
                    "administratorLoginPassword": {
                        "value": "[parameters('sqlAdministratorLoginPassword')]"
                    }
                }
            }
        },
        {
            "apiVersion": "[variables('apiVersion').network]",
            "type": "Microsoft.Network/virtualNetworks",
            "name": "[parameters('vnetName')]",
            "location": "[resourceGroup().location]",
            "properties": {
                "addressSpace": {
                    "addressPrefixes": [
                        "[parameters('vnetAddressPrefix')]"
                    ]
                },
                "subnets": [
                    {
                        "name": "[parameters('subnetName')]",
                        "properties": {
                            "addressPrefix": "[parameters('subnetPrefix')]"
                        }
                    }
                ]
            }
        },
        {
            "apiVersion": "[variables('apiVersion').acr]",
            "type": "Microsoft.ContainerRegistry/registries",
            "name": "[variables('acrName')]",
            "location": "[resourceGroup().location]",
            "sku": {
                "name": "[parameters('acrSKU')]"
            },
            "properties": {
                "adminUserEnabled": true
            }
        },
        {
            "apiVersion": "[variables('apiVersion').aks]",
            "type": "Microsoft.ContainerService/managedClusters",
            "tags": "[parameters('resourceTags')]",
            "name": "[parameters('resourceName')]",
            "location": "[resourceGroup().location]",
            "dependsOn": [
                "[concat('Microsoft.Network/virtualNetworks/',parameters('vnetName'))]"
            ],
            "properties": {
                "nodeResourceGroup": "[concat(parameters('resourceName'),'-worker')]",
                "kubernetesVersion": "[parameters('kubernetesVersion')]",
                "enableRBAC": true,
                "dnsPrefix": "[parameters('resourceName')]",
                "addonProfiles": {
                    "kubeDashboard": {
                        "enabled": false
                    },
                    "omsagent": {
                        "enabled": true,
                        "config": {
                            "logAnalyticsWorkspaceResourceID": "[resourceId('Microsoft.OperationalInsights/workspaces/',variables('analytics').laWorkspaceName)]"
                        }
                    }
                },
                "copy": [
                    {
                        "name": "agentPoolProfiles",
                        "count": "[length(parameters('agentPoolProfiles'))]",
                        "input": {
                            "name": "[concat('nodepool',add(copyIndex('agentPoolProfiles'),1))]",
                            "maxPods": "[parameters('maxPods')]",
                            "osDiskSizeGB": "[parameters('osDiskSizeGB')]",
                            "count": "[parameters('agentPoolProfiles')[copyIndex('agentPoolProfiles')].nodeCount]",
                            "vmSize": "[parameters('agentPoolProfiles')[copyIndex('agentPoolProfiles')].nodeVmSize]",
                            "osType": "Linux",
                            "vnetSubnetID": "[variables('agentPoolProfiles').vnetSubnetId]",
                            "nodeTaints": "[parameters('agentPoolProfiles')[copyIndex('agentPoolProfiles')].taints]",
                            "enableAutoScaling": "[if(parameters('agentPoolProfiles')[copyIndex('agentPoolProfiles')].enableAutoScaling, parameters('agentPoolProfiles')[copyIndex('agentPoolProfiles')].enableAutoScaling, json('null'))]",
                            "maxCount": "[if(parameters('agentPoolProfiles')[copyIndex('agentPoolProfiles')].enableAutoScaling, parameters('agentPoolProfiles')[copyIndex('agentPoolProfiles')].maxCount, json('null'))]",
                            "minCount": "[if(parameters('agentPoolProfiles')[copyIndex('agentPoolProfiles')].enableAutoScaling, parameters('agentPoolProfiles')[copyIndex('agentPoolProfiles')].minCount, json('null'))]",
                            "type": "VirtualMachineScaleSets",
                            "mode": "[parameters('agentPoolProfiles')[copyIndex('agentPoolProfiles')].mode]"

                        }
                    }
                ],
                "networkProfile": {
                    "loadBalancerSku": "standard",
                    "networkPlugin": "azure",
                    "networkPolicy": "azure",
                    "serviceCidr": "[parameters('serviceCidr')]",
                    "dnsServiceIP": "[parameters('dnsServiceIP')]",
                    "dockerBridgeCidr": "[parameters('dockerBridgeCidr')]"
                }
            },
            "identity": {
                "type": "SystemAssigned"
            }
        },
        {
            "name": "ConnectAKStoACR",
            "type": "Microsoft.Resources/deployments",
            "apiVersion": "2019-10-01",
            "resourceGroup": "[resourceGroup().name]",
            "dependsOn": [
                "[concat('Microsoft.ContainerService/managedClusters/', parameters('resourceName'))]",
                "[concat('Microsoft.ContainerRegistry/registries/',variables('acrName'))]"
            ],
            "properties": {
                "mode": "Incremental",
                "template": {
                    "$schema": "https://schema.management.azure.com/schemas/2019-04-01/deploymentTemplate.json#",
                    "contentVersion": "1.0.0.0",
                    "resources": [
                        {
                            "apiVersion": "2018-09-01-preview",
                            "type": "Microsoft.ContainerRegistry/registries/providers/roleAssignments",
                            "name": "[concat(variables('acrName'), '/Microsoft.Authorization/', guid(variables('acrName')))]",
                            "properties": {
                                "principalId": "[reference(parameters('resourceName'), '2020-03-01').identityProfile.kubeletidentity.objectId]",
                                "roleDefinitionId": "[concat('/subscriptions/', subscription().subscriptionId, '/providers/Microsoft.Authorization/roleDefinitions/', 'b24988ac-6180-42a0-ab88-20f7382dd24c')]",
                                "scope": "[resourceId(resourceGroup().name,'Microsoft.ContainerRegistry/registries/', variables('acrName'))]"
                            }
                        }
                    ]
                }
            }
        }
    ],
    "outputs": {
        "controlPlaneFQDN": {
            "type": "string",
            "value": "[reference(resourceId('Microsoft.ContainerService/managedClusters', parameters('resourceName'))).fqdn]"
        },
        "acrName": {
            "type": "string",
            "value": "[variables('acrName')]"
        },
        "acrLoginServer": {
            "type": "string",
            "value": "[reference(resourceId('Microsoft.ContainerRegistry/registries',variables('acrName')),'2019-05-01').loginServer]"
        },
        "acrLoginKey": {
            "type": "string",
            "value": "[listCredentials(resourceId('Microsoft.ContainerRegistry/registries',variables('acrName')),'2017-10-01').passwords[0].value]"
        },
        "storageAccountName1": {
            "type": "string",
            "value": "[variables('storageAccounts').aifStorage]"
        },
        "storageAccountKey1": {
            "type": "string",
            "value": "[listKeys(resourceid(resourceGroup().name, 'Microsoft.Storage/storageAccounts', variables('storageAccounts').aifStorage), providers('Microsoft.Storage', 'storageAccounts').apiVersions[0]).keys[0].value]"
        },
        "storageAccountName2": {
            "type": "string",
            "value": "[variables('storageAccounts').aifTraining]"
        },
        "storageAccountKey2": {
            "type": "string",
            "value": "[listKeys(resourceid(resourceGroup().name, 'Microsoft.Storage/storageAccounts', variables('storageAccounts').aifTraining), providers('Microsoft.Storage', 'storageAccounts').apiVersions[0]).keys[0].value]"
        },
        "storageAccountName3": {
            "type": "string",
            "value": "[variables('storageAccounts').aifTrainingArtifacts]"
        },
        "storageAccountKey3": {
            "type": "string",
            "value": "[listKeys(resourceid(resourceGroup().name, 'Microsoft.Storage/storageAccounts', variables('storageAccounts').aifTrainingArtifacts), providers('Microsoft.Storage', 'storageAccounts').apiVersions[0]).keys[0].value]"
        },
        "applicationInsightsKey": {
            "type": "string",
            "value": "[reference(resourceId('Microsoft.Insights/components', variables('analytics').aiName), '2014-04-01').InstrumentationKey]"
        },
        "RESOURCEGROUP": {
            "type": "string",
            "value": "[resourceGroup().name]"
        },
        "sqlhost": {
            "type": "string",
            "value": "[concat(parameters('sqlDNSorIP'),'.database.windows.net')]"
        },
        "vnetname": {
            "type": "string",
            "value": "[parameters('vnetName')]"
        },
        "vNetAddresses": {
            "type": "array",
            "value": "[reference(resourceId('Microsoft.Network/virtualNetworks', parameters('vnetName'))).addressSpace.addressPrefixes]"
        },
        "vNetAddressSpace": {
            "type": "string",
            "value": "[reference(resourceId('Microsoft.Network/virtualNetworks', parameters('vnetName'))).addressSpace.addressPrefixes[0]]"
        }
    }
}
